Anno;Classi di reddito complessivo in euro;Frequenza persone fisiche;Ammontare in euro
2021;minore o uguale a 0 ;329;-3053402
2021;da 0 a 10.000;231682;1033617146
2021;da 10.000 a 15.000;98917;1235661686
2021;da 15.000 a 26.000;227611;4655052971
2021;da 26.000 a 55.000;274761;10063265184
2021;da 55.000 a 75.000;54909;3505903823
2021;da 75.000 a 120.000;48060;4459410350
2021;oltre 120.000;38323;11294176614
2020;minore o uguale a 0 ;456;-3219045
2020;da 0 a 10.000;241948;1095992447
2020;da 10.000 a 15.000;102265;1278052047
2020;da 15.000 a 26.000;225439;4605079255
2020;da 26.000 a 55.000;267489;9773307243
2020;da 55.000 a 75.000;52028;3321778565
2020;da 75.000 a 120.000;45235;4186470856
2020;oltre 120.000;34665;9816834893
2019;minore o uguale a 0 ;316;-3846576
2019;da 0 a 10.000;238111;1087037744
2019;da 10.000 a 15.000;101413;1266215969
2019;da 15.000 a 26.000;240092;4910759985
2019;da 26.000 a 55.000;276262;10075891655
2019;da 55.000 a 75.000;53238;3398464192
2019;da 75.000 a 120.000;45369;4194927285
2019;oltre 120.000;35423;10307853897
2018;minore o uguale a 0 ;412;-3348729
2018;da 0 a 10.000;236486;1112491928
2018;da 10.000 a 15.000;104043;1299342731
2018;da 15.000 a 26.000;245212;5014246181
2018;da 26.000 a 55.000;275918;10059066334
2018;da 55.000 a 75.000;53001;3381773939
2018;da 75.000 a 120.000;44602;4129561136
2018;oltre 120.000;35234;10162649434
2017;minore o uguale a 0 ;5161;-147776538
2017;da 0 a 10.000;237544;1122607980
2017;da 10.000 a 15.000;104034;1299218938
2017;da 15.000 a 26.000;246735;5035845250
2017;da 26.000 a 55.000;265512;9652942821
2017;da 55.000 a 75.000;50216;3204244127
2017;da 75.000 a 120.000;41845;3866422921
2017;oltre 120.000;32538;9280409471
2016;minore o uguale a 0 ;3308;-36338697
2016;da 0 a 10.000;234867;1116913552
2016;da 10.000 a 15.000;104603;1306727578
2016;da 15.000 a 26.000;249131;5082613094
2016;da 26.000 a 55.000;260455;9442351944
2016;da 55.000 a 75.000;48935;3122298134
2016;da 75.000 a 120.000;40549;3740201710
2016;oltre 120.000;31088;8750443743
2015;minore o uguale a 0 ;3284;-35651521
2015;da 0 a 10.000;239146;1134421205
2015;da 10.000 a 15.000;103708;1296934603
2015;da 15.000 a 26.000;248321;5057285026
2015;da 26.000 a 55.000;258944;9393031835
2015;da 55.000 a 75.000;47723;3045682216
2015;da 75.000 a 120.000;39927;3687646265
2015;oltre 120.000;30316;8518112697
2014;minore o uguale a 0 ;3979;-38797290
2014;da 0 a 10.000;237201;1120261085
2014;da 10.000 a 15.000;102525;1282749594
2014;da 15.000 a 26.000;253601;5162334584
2014;da 26.000 a 55.000;250904;9067391931
2014;da 55.000 a 75.000;46205;2948695112
2014;da 75.000 a 120.000;38417;3545615998
2014;oltre 120.000;28780;8142749247
2013;minore o uguale a 0 ;4231;-40589252
2013;da 0 a 10.000;231565;1109441397
2013;da 10.000 a 15.000;104271;1305419307
2013;da 15.000 a 26.000;257827;5236175425
2013;da 26.000 a 55.000;245903;8861696738
2013;da 55.000 a 75.000;44857;2862493932
2013;da 75.000 a 120.000;36817;3403353134
2013;oltre 120.000;27669;7643107036
2012;minore o uguale a 0 ;4211;-41187764
2012;da 0 a 10.000;235896;1150813145
2012;da 10.000 a 15.000;109037;1367289064
2012;da 15.000 a 26.000;259959;5263818217
2012;da 26.000 a 55.000;239653;8665114919
2012;da 55.000 a 75.000;44346;2830658359
2012;da 75.000 a 120.000;36641;3386773375
2012;oltre 120.000;27328;7599383167
2011;minore o uguale a 0 ;3378;-35240653
2011;da 0 a 10.000;244114;1146058430
2011;da 10.000 a 15.000;109381;1373127334
2011;da 15.000 a 26.000;259032;5242581952
2011;da 26.000 a 55.000;238959;8608800663
2011;da 55.000 a 75.000;44508;2840034361
2011;da 75.000 a 120.000;37235;3445101975
2011;oltre 120.000;28240;7923965663
2010;minore o uguale a 0 ;3612;-36278202
2010;da 0 a 10.000;246097;1163273499
2010;da 10.000 a 15.000;112531;1414689429
2010;da 15.000 a 26.000;264861;5348909629
2010;da 26.000 a 55.000;233631;8424140434
2010;da 55.000 a 75.000;42883;2735502947
2010;da 75.000 a 120.000;35497;3286743767
2010;oltre 120.000;26938;7465240953
2009;minore o uguale a 0 ;3767;-40805702
2009;da 0 a 10.000;243445;1163249833
2009;da 10.000 a 15.000;113778;1432493095
2009;da 15.000 a 26.000;269042;5425863696
2009;da 26.000 a 55.000;231319;8318478480
2009;da 55.000 a 75.000;41674;2659430898
2009;da 75.000 a 120.000;34636;3213239107
2009;oltre 120.000;25768;7064058827
2008;minore o uguale a 0 ;3496;-35378866
2008;da 0 a 10.000;246479;1199414590
2008;da 10.000 a 15.000;120895;1524301878
2008;da 15.000 a 26.000;273948;5508714727
2008;da 26.000 a 55.000;227021;8180792956
2008;da 55.000 a 75.000;41460;2646926945
2008;da 75.000 a 120.000;34044;3159763370
2008;oltre 120.000;26730;7576923127
